FT,M
2131.0,649.5288
2131.0,649.5288
12.0,3.6576000000000004
1231.0,375.2088
403.54330708661416,123.0
12.0,3.6576000000000004
403.54330708661416,123.0
123.0,37.4904
40403.54330708661,12315.0
147.63779527559055,45.0
14940.944881889764,4554.0
147.63779527559055,45.0
768485019.6850393,234234234.0
30.48,100.0
