FT,M
2131.0,649.5288
2131.0,649.5288
12.0,3.6576000000000004
1231.0,375.2088
403.54330708661416,123.0
12.0,3.6576000000000004
403.54330708661416,123.0
123.0,37.4904
40403.54330708661,12315.0
